{
  "intents": [
    {
      "tag": "greeting",
      "patterns": ["Hi", "Hello", "Hey", "Good morning", "Good evening"],
      "responses": ["Hello! How can I help you with your shopping today?", "Hi there! What are you looking for?"]
    },
    {
      "tag": "goodbye",
      "patterns": ["Bye", "See you", "Goodbye"],
      "responses": ["Goodbye! Have a great day!", "See you soon!"]
    },
    {
      "tag": "thanks",
      "patterns": ["Thanks", "Thank you", "Appreciate it"],
      "responses": ["You're welcome!", "Glad I could help!"]
    },
    {
      "tag": "electronics",
      "patterns": ["Show me electronics", "I want a phone", "Looking for a laptop"],
      "responses": ["You can check out our phones and laptops section.", "We have the latest electronics in stock."]
    },
    {
      "tag": "clothing",
      "patterns": ["Show me clothes", "I need a dress", "Any t-shirts available?"],
      "responses": ["Our clothing section has great options!", "Check out our latest fashion collection."]
    }
  ]
}